name,ra_deg,dec_deg,mag_v
Sirius,101.287155,-16.716116,-1.44
Canopus,95.987958,-52.695661,-0.62
Arcturus,213.9153,19.182409,-0.05
Rigil Kentaurus,219.902066,-60.833975,-0.01
Vega,279.234735,38.783689,0.03
Capella,79.172328,45.997991,0.08
Rigel,78.634467,-8.201638,0.18
Procyon,114.825493,5.224993,0.4
Achernar,24.428523,-57.236753,0.45
Betelgeuse,88.792939,7.407064,0.45
Hadar,210.955856,-60.373035,0.61
Altair,297.695827,8.868321,0.76
Aldebaran,68.980163,16.509302,0.87
Spica,201.298247,-11.161319,0.98
Antares,247.351915,-26.432003,1.06
Pollux,116.328958,28.026199,1.16
Fomalhaut,344.412693,-29.622237,1.17
Deneb,310.35798,45.280339,1.25
Mimosa,191.930263,-59.688764,1.25
Acrux,186.649563,-63.099093,1.33
Toliman,219.896096,-60.837528,1.35
Regulus,152.092962,11.967209,1.36
Adhara,104.656453,-28.972086,1.5
Gacrux,187.791498,-57.113213,1.59
Shaula,263.402167,-37.103824,1.62
Bellatrix,81.282764,6.349703,1.64
Elnath,81.572971,28.607452,1.65
Miaplacidus,138.299906,-69.717208,1.67
Alnilam,84.053389,-1.201919,1.69
Alnair,332.05827,-46.960974,1.73
Alnitak,85.189694,-1.942574,1.74
Alioth,193.50729,55.959823,1.76
Kaus Australis,276.042993,-34.384616,1.79
Mirfak,51.080709,49.861179,1.79
Dubhe,165.931965,61.751035,1.81
Wezen,107.09785,-26.3932,1.83
Alkaid,206.885157,49.313267,1.85
Avior,125.62848,-59.509484,1.86
Sargas,264.329711,-42.997824,1.86
Menkalinan,89.882179,44.947433,1.9
Atria,252.166229,-69.027712,1.91
Alhena,99.42796,16.39928,1.93
Peacock,306.411904,-56.73509,1.94
Polaris,37.954561,89.264109,1.97
Castor,113.649428,31.888276,1.98
Mirzam,95.674939,-17.955919,1.98
Alphard,141.896847,-8.658602,1.99
Alsephina,131.175944,-54.708819,1.99
Hamal,31.793357,23.462418,2.01
Diphda,10.897379,-17.986606,2.04
Nunki,283.81636,-26.296724,2.05
Menkent,211.670617,-36.369958,2.06
Alpheratz,2.096916,29.090431,2.07
Kochab,222.676357,74.155504,2.07
Mirach,17.433013,35.620557,2.07
Saiph,86.93912,-9.669605,2.07
Rasalhague,263.733627,12.560035,2.08
Algol,47.042215,40.955648,2.09
Almach,30.974804,42.329725,2.1
Tiaki,340.666876,-46.884576,2.12
Denebola,177.26491,14.572058,2.14
Aspidiske,139.272529,-59.275232,2.21
Naos,120.896031,-40.003148,2.21
Alphecca,233.67195,26.714693,2.22
Mizar,200.981429,54.925362,2.23
Sadr,305.557091,40.256679,2.23
Suhail,136.998993,-43.432589,2.23
Eltanin,269.151541,51.488896,2.24
Schedar,10.126838,56.537331,2.24
Mintaka,83.001667,-0.299095,2.25
Caph,2.294522,59.149781,2.28
Dschubba,240.083359,-22.62171,2.29
Larawag,252.540878,-34.293232,2.29
Merak,165.460319,56.382426,2.34
Izar,221.246763,27.074207,2.35
Enif,326.046484,9.875009,2.38
Ankaa,6.570939,-42.306084,2.4
Phecda,178.457679,53.694758,2.41
Sabik,257.594529,-15.724907,2.43
Scheat,345.943572,28.082785,2.44
Alderamin,319.644885,62.585574,2.45
Aludra,111.02376,-29.303106,2.45
Markeb,140.528407,-55.010667,2.47
Aljanah,311.552843,33.970257,2.48
Markab,346.190223,15.205267,2.49
Menkar,45.569885,4.089737,2.54
Acrab,241.3593,-19.805453,2.56
Zosma,168.527089,20.523718,2.56
Arneb,83.182567,-17.822289,2.58
Gienah,183.951543,-17.541929,2.58
Ascella,285.653043,-29.880063,2.6
Algieba,154.993144,19.841489,2.61
Zubeneschamali,229.251724,-9.382914,2.61
Unukalhai,236.066976,6.425629,2.63
Sheratan,28.660046,20.808031,2.64
Kraz,188.59681,-23.396759,2.65
Mahasim,89.930292,37.212585,2.65
Phact,84.912254,-34.07411,2.65
Ruchbah,21.453964,60.235284,2.66
Muphrid,208.671161,18.397717,2.68
Hassaleh,74.248421,33.1661,2.69
Lesath,262.690979,-37.295813,2.7
Kaus Media,275.248508,-29.828104,2.72
Tarazed,296.564915,10.613262,2.72
Athebyne,245.997858,61.514214,2.73
Yed Prior,243.586411,-3.694323,2.73
Porrima,190.415181,-1.449373,2.74
Imai,183.78632,-58.748927,2.75
Zubenelgenubi,222.719638,-16.041777,2.75
Cebalrai,265.868136,4.5673,2.76
Cursa,76.96244,-5.086446,2.78
Kornephoros,247.554998,21.489611,2.78
Rastaban,262.608174,52.301389,2.79
Hatysa,83.858258,-5.909901,2.8
Nihal,82.061346,-20.759441,2.81
Paikauhale,248.970637,-28.216017,2.82
Kaus Borealis,276.992668,-25.421701,2.82
Algenib,3.308963,15.183594,2.83
Tureis,121.886037,-24.304324,2.83
Alcyone,56.871152,24.105136,2.85
Deneb Algedi,326.760184,-16.127287,2.85
Vindemiatrix,195.544157,10.959149,2.85
Tejat,95.740112,22.513583,2.87
Acamar,44.565311,-40.304672,2.88
Albaldah,287.440971,-21.023615,2.88
Cor Caroli,194.006943,38.318376,2.89
Fang,239.712972,-26.114108,2.89
Gomeisa,111.787674,8.289316,2.89
Fawaris,296.243658,45.13081,2.9
Alniyat,245.297149,-25.592792,2.9
Sadalsuud,322.889715,-5.571176,2.9
Matar,340.750579,30.221244,2.93
Algorab,187.466063,-16.515431,2.94
Sadalmelik,331.445983,-0.319849,2.95
Tianguan,84.411189,21.142544,2.97
Zaurak,59.50736,-13.508516,2.97
Alnasl,271.452025,-30.4241,2.98
Okab,286.352533,13.863477,2.99
Aldhanab,328.482192,-37.364855,3
Pherkad,230.18215,71.834017,3
Xamidimura,252.96763,-38.04738,3
Furud,95.0783,-30.063367,3.02
Almaaz,75.492219,43.823307,3.03
Seginus,218.019466,38.308251,3.04
Albireo,292.680351,27.959692,3.05
Dabih,305.252803,-14.781405,3.05
Mebsuta,100.983026,25.131127,3.06
Tania Australis,155.58225,41.499519,3.06
Altais,288.13875,67.661541,3.07
Sarin,258.757963,24.839204,3.12
Talitha,134.80189,48.041826,3.12
Wazn,87.739968,-35.76831,3.12
Aldhibah,257.19665,65.714684,3.17
Haedus,76.628722,41.234476,3.18
Fuyue,267.464503,-37.043305,3.19
Tabit,72.460045,6.961275,3.19
Errai,354.836655,77.632313,3.21
Alfirk,322.164987,70.560715,3.23
Yed Posterior,244.580374,-4.69251,3.23
Brachium,226.017567,-25.281961,3.25
Sulafat,284.735928,32.689557,3.25
Skat,343.662556,-15.820827,3.27
Edasich,231.232396,58.966063,3.29
Propus,93.719405,22.506794,3.31
Megrez,183.856503,57.032615,3.32
Chertan,168.560019,15.429571,3.33
Alzirr,101.322351,12.895592,3.35
Muscida,127.566128,60.71817,3.35
Segin,28.598857,63.670101,3.35
Rasalgethi,258.66191,14.390333,3.37
Heze,203.6733,-0.59582,3.38
Meissa,83.784486,9.934156,3.39
Minelauva,193.900869,3.39747,3.39
Homam,340.365503,10.831363,3.41
Mothallah,28.27045,29.578826,3.42
Adhafera,154.172567,23.417312,3.43
Azmidi,117.323563,-24.859786,3.45
Tania Borealis,154.274095,42.914356,3.45
Achird,12.276213,57.815187,3.46
Ashlesha,131.693794,6.418809,3.49
Alula Borealis,169.619737,33.094305,3.49
Nekkar,225.48651,40.390567,3.49
Unurgunite,105.429782,-27.93483,3.49
Wasat,110.030749,21.982316,3.5
Sadalbari,342.500809,24.601577,3.51
Biham,332.549939,6.197863,3.52
Sheliak,282.519978,33.362668,3.52
Subra,145.28764,9.892308,3.52
Tarf,124.128838,9.185544,3.53
Ain,67.154163,19.180435,3.53
Rana,55.812086,-9.763392,3.53
Kaffaljidhma,40.825163,3.235816,3.56
Pipirima,253.083939,-38.017535,3.56
Algedi,304.513566,-12.544852,3.58
Nembus,24.498154,48.628214,3.59
Zavijava,177.673826,1.764717,3.59
Ginan,185.340039,-60.401147,3.59
Bharani,42.495972,27.260507,3.61
Atlas,57.290597,24.053415,3.62
Rotanev,309.387235,14.595115,3.64
Prima Hyadum,64.948349,15.627643,3.65
Nusakan,231.957211,29.105699,3.66
Thuban,211.097291,64.375851,3.67
Fulu,9.242851,53.896908,3.69
Nashira,325.022735,-16.662308,3.69
Saclateni,75.619531,41.075839,3.69
Taiyangshou,176.512559,47.779406,3.69
Alshain,298.828304,6.406763,3.71
Electra,56.218904,24.113336,3.72
Chamukuy,67.165586,15.870882,3.73
Grumium,268.382207,56.872646,3.73
Ran,53.232687,-9.458259,3.73
Baten Kaitos,27.865137,-10.335044,3.74
Miram,42.674207,55.895497,3.77
Sualocin,309.90953,15.912073,3.77
Albali,311.918969,-9.495775,3.78
Secunda Hyadum,65.733719,17.542514,3.78
Misam,47.374048,44.857541,3.79
Praecipua,163.327937,34.214872,3.79
Theemin,68.88766,-30.562341,3.81
Alrescha,30.511772,2.763735,3.82
Giausar,172.85092,69.331075,3.82
Marfik,247.728453,1.983888,3.82
Alpherg,22.870873,15.345823,3.83
Atik,56.07972,32.28824,3.84
Polis,273.44087,-21.058832,3.84
Dalim,48.018864,-28.98762,3.86
Sadachbia,335.414064,-1.387334,3.86
Iklil,239.221151,-29.214073,3.87
Maia,56.456695,24.367751,3.87
Rasalas,148.190903,26.006953,3.88
Azha,44.106873,-8.898145,3.89
Zaniah,184.976476,-0.666793,3.89
Ukdah,144.964008,-1.14281,3.9
Zubenelhakrabi,233.881578,-14.789536,3.91
Kitalpha,318.955949,5.247865,3.92
Asellus Australis,131.171248,18.154309,3.94
Arkab Prior,290.659551,-44.458959,3.96
Rukbat,290.97157,-40.61594,3.96
Beemim,66.009239,-34.016848,3.97
Menkib,59.741253,35.791032,3.98
Alcor,201.306403,54.987954,3.99
Mekbuda,106.027215,20.570295,4.01
Alchiba,182.103402,-24.728875,4.02
Sceptrum,69.545104,-14.304017,4.02
Wurren,17.096173,-55.245758,4.02
Aldulfin,308.303216,11.303261,4.03
Beid,62.966415,-6.83758,4.04
Syrma,214.003623,-6.000545,4.07
Alkes,164.943604,-18.298783,4.08
Gudja,237.184903,18.141564,4.09
Titawin,24.199342,41.405457,4.09
Meridiana,287.368087,-37.904473,4.11
Muliphein,105.939554,-15.633286,4.11
Zhang,147.869558,-14.846603,4.11
Merope,56.581552,23.948348,4.14
Alkaphrah,135.906365,47.156525,4.16
Ancha,334.208485,-7.783291,4.17
Kang,213.223939,-10.273704,4.18
Xuange,214.095912,46.088306,4.18
Chara,188.435603,41.357479,4.24
Alsciaukat,125.708792,43.188131,4.25
Acubens,134.62174,11.857687,4.26
Kurhah,330.947724,64.627971,4.26
Arkab Posterior,290.80474,-44.799779,4.27
Torcular,26.348466,9.157737,4.29
Taygeta,56.302063,24.46727,4.3
Alkalurops,231.122618,37.377169,4.31
Alterf,142.930115,22.96797,4.32
Botein,47.907356,19.726674,4.35
Yildun,263.054126,86.586462,4.35
Sham,295.024133,18.013891,4.39
Alula Australis,169.545423,31.529161,4.41
Maasym,262.684626,26.110645,4.41
Alkarab,351.344931,23.4041,4.42
Aladfar,288.439531,39.14597,4.43
Keid,63.817999,-7.652872,4.43
Anser,292.176375,24.664903,4.44
Minchir,129.689323,3.341436,4.45
Fumalsamakah,345.969225,3.820045,4.48
Jabbah,242.998894,-19.460708,4.5
Khambalia,214.777468,-13.371096,4.52
Lilii Borea,41.977256,29.247115,4.52
Cujam,246.353979,14.033274,4.57
Dziban,265.484814,72.148847,4.57
Salm,350.159341,23.740336,4.58
Alya,284.054949,4.203602,4.62
Castula,14.166271,59.181055,4.62
Asellus Borealis,130.821442,21.468501,4.66
Alsafi,293.08996,69.661176,4.67
Tegmine,123.05316,17.647821,4.67
Azelfafage,325.523602,51.189623,4.69
Terebellum,298.959838,-26.299534,4.7
Libertas,298.562008,8.461453,4.71
Mesarthim,28.38256,19.293852,4.75
Angetenar,42.759674,-21.004018,4.76
Alshat,305.165898,-12.759079,4.77
Bunda,324.437956,-7.854202,4.8
Zibal,48.958436,-8.819731,4.8
Fafnir,276.496406,65.56348,4.82
Elgafar,217.050575,-2.227957,4.84
Diadem,197.497029,17.529447,4.85
Ainalrami,283.542404,-22.74484,4.86
Adhil,20.58508,45.528778,4.87
Jishui,114.791387,34.584346,4.89
Felis,148.717528,-19.009336,4.94
Elkurud,91.881801,-37.25292,5
Marsic,242.018857,17.04698,5
Chalawan,164.866553,40.430256,5.03
Situla,339.439084,-4.228056,5.04
Pleione,57.296738,24.13671,5.05
Guniibuu,258.837875,-26.598892,5.07
Cervantes,266.036255,-51.834051,5.15
Revati,18.432864,7.575354,5.21
Veritate,352.822556,39.236197,5.22
Taiyi,193.868951,65.438474,5.23
Intercrus,142.166618,45.601482,5.41
La Superba,191.282615,45.440257,5.42
Tianyi,191.893099,66.790305,5.43
Celaeno,56.200893,24.289468,5.45
Polaris Australis,317.195164,-88.956499,5.45
Musica,314.608058,10.839286,5.48
Helvetios,344.366583,20.768831,5.49
Alrakis,256.333807,54.470078,5.55
Nahn,137.339722,22.045446,5.7
Alruba,265.996568,53.801715,5.75
Asterope,56.476987,24.554512,5.76
Merga,222.327791,46.116206,5.76
Tonatiuh,181.312995,76.905735,5.8
Piautos,125.133901,24.022311,5.92
Copernicus,133.149212,28.33082,5.95
Xihe,280.900456,36.556606,6.04
Gumala,288.888459,-24.179354,6.25
Citalá,105.075149,-5.367161,6.29
Meleph,130.112544,19.544809,6.29
Mago,77.403,69.639404,6.43
Chechia,304.025017,4.580795,6.44
Formosa,173.765637,20.441545,6.45
Mira,34.836617,-2.97764,6.47
Kamuy,242.51631,26.742748,6.57
Inquill,259.964168,-48.54932,6.67
Bubup,84.258403,-73.699346,6.69
Baekdu,224.201473,74.900923,6.83
Timir,247.117296,-13.399636,6.89
Tupã,186.442779,-64.022088,6.99
Bélénos,21.302148,28.566695,7.12
Tupi,54.929567,-52.915838,7.12
Dofida,203.106482,-47.271365,7.17
Buna,39.257963,42.06263,7.28
Rapeto,256.128629,-43.30977,7.39
Itonda,329.332698,-37.763624,7.47
Uklun,176.210254,-58.70371,7.47
Belel,290.267627,-23.61957,7.55
Lionrock,336.762801,-17.263656,7.6
Illyrian,143.938267,34.780742,7.62
Nenque,16.167293,-39.488218,7.72
Cocibolca,11.111045,-26.515683,7.78
Phoenicia,303.499356,-0.866881,7.79
Arcalís,223.345951,18.235409,7.8
Ayeyarwady,45.044402,-20.802604,7.81
Poerava,352.834742,-58.209731,7.82
Sika,290.72077,-32.919053,7.84
Aniara,177.843796,57.640734,7.86
Nikawiy,229.77576,41.733206,7.88
Lucilinburhuc,97.190463,38.962962,7.89
Rosaliadecastro,248.212712,2.084828,7.89
Mouhoun,72.574423,-24.368843,7.91
Alasia,275.457428,-11.922682,7.95
Kaveh,283.92035,4.265323,8.02
Stribor,133.461689,33.056812,8.03
Mönch,221.886361,-0.281474,8.04
Hunahpú,169.448138,-23.975415,8.05
Liesma,203.510581,53.728527,8.05
Nosaxa,100.007196,-48.541956,8.05
Emiw,17.696756,-66.188164,8.06
Flegetonte,176.42622,2.821479,8.07
Lusitânia,97.304966,10.933891,8.1
Nervia,102.877151,40.867757,8.1
Tapecue,116.957168,-54.264144,8.1
Ogma,247.623409,38.347311,8.16
Nushagak,42.435361,71.753231,8.17
Násti,124.592386,61.460721,8.2
Dingolay,166.185228,-2.513218,8.21
Axólotl,359.974298,-22.428116,8.23
Gakyid,129.815846,12.960375,8.23
Kalausi,144.299282,-43.272204,8.23
Macondo,161.087146,-33.577024,8.3
Bosona,325.853751,-7.408253,8.34
Citadelle,4.82111,14.054756,8.36
Hoggar,67.856059,4.575295,8.38
Mahsati,253.431594,11.973748,8.38
Sagarmatha,173.964679,-4.755695,8.42
Natasha,147.510404,-49.790266,8.54
Sāmaya,324.535016,-31.737484,8.56
Ebla,347.294696,-2.260746,8.59
Karaka,233.916337,-80.204594,8.71
Hunor,245.151491,41.048086,8.72
Bibhā,149.024661,-3.808423,8.73
Funi,188.029952,74.489547,8.75
Uruk,293.017338,16.474289,8.97
Amadioha,93.39859,-29.897264,8.98
Shama,171.072328,-1.529073,9.1
Ceibo,114.841057,-78.278974,9.37
Irena,243.959855,10.032579,9.41
Barnard's Star,269.454023,4.668288,9.54
Felixvarela,7.142942,-16.226345,9.62
Pincoya,270.778888,-28.560655,9.66
Solaris,318.399959,14.689385,9.78
Franz,260.11616,38.242197,9.86
Intan,50.177891,-33.730104,9.92
Montuno,66.370903,-30.600447,10.06
Naledi,87.139974,-63.988441,10.12
Koeia,41.678695,-23.086612,10.25
Amansinaya,165.399575,-23.860662,10.3
Sansuna,303.195361,18.104833,10.31
Gloas,140.102977,33.882417,10.51
Sterrennacht,354.774209,42.465973,10.54
Koit,110.388168,58.268087,10.62
Mpingo,29.26335,0.758855,10.7
Tislit,126.337846,-11.500986,10.77
Nyamien,208.927967,-32.159615,10.91
Diya,41.040041,-30.169045,10.97
Proxima Centauri,217.428953,-62.679484,11.01
Moldoveanu,240.54936,28.169561,11.28
Sharjah,243.174084,-18.875503,11.34
Taika,335.512865,45.457366,11.35
Dìwö,239.962287,-28.061753,11.49
Dombay,206.094141,48.028668,11.52
Parumleo,3.961699,1.200441,11.54
Tangra,347.492723,18.396078,11.55
Tojil,52.818029,-23.819678,11.71
Mazaalai,171.274941,41.027964,11.72
Chaophraya,43.688059,-10.898063,11.74
Petra,303.167372,-2.14422,11.88
Malmok,217.32673,-3.444501,11.89
Muspelheim,33.13116,51.778767,11.89
Chasoň,274.40547,36.621436,11.96
Berehynia,66.248062,39.460642,12.02
Absolutno,116.716506,39.094572,12.13
Lerna,135.344371,6.097227,12.15
Márohu,348.157237,-22.673966,12.16
Morava,356.666561,31.155937,12.18
Anadolu,348.494823,8.76127,12.2
Tuiren,188.266276,44.915333,12.25
Tevel,110.168568,37.140651,12.26
Moriah,306.123848,16.76217,12.32
Pipoltr,268.029244,37.546177,12.37
Horna,35.383251,32.246136,12.53
Atakoraka,101.115022,-32.858383,12.69
